{
	"demandSignin":"false",
	"defaultSys":"sys-syberPort-1.00.000",
	"deskMap":[
		{
			"who":"sys-syberPort-1.00.000",
			"has":"desk-syberPort-1.00.000"
		},
		{
			"who":"sys-diliweibo-1.00.000",
			"has":"desk-diliweibo-1.00.000"
		},
		{
			"who":"sys-dongke-1.00.000",
			"has":"desk-dongke-1.00.000"
		},
		{
			"who":"sys-callcenter-1.00.000",
			"has":"desk-callcenter-1.00.000"
		},
		{
			"who":"sys-publicPlatform-1.00.000",
			"has":"desk-publicPlatform-1.00.000"
		},
		{
			"who":"sys-dache-1.00.000",
			"has":"desk-dache-1.00.000"
		},
		{
			"who":"sys-callcenter-1.00.000",
			"has":"desk-callcenter-1.00.000"
		},
		{
			"who":"sys-didian-1.00.000",
			"has":"desk-didian-1.00.000"
		},
		{
			"who":"sys-square-1.00.000",
			"has":"desk-square-1.00.000"
		}
		,
		{
			"who":"sys-wifi-1.00.000",
			"has":"desk-wifi-1.00.000"
		}
		,
		{
			"who":"sys-myhome-1.00.000",
			"has":"desk-myhome-1.00.000"
		},
		{
			"who":"sys-maike-1.00.000",
			"has":"desk-maike-1.00.000"
		}
	]
}