[
	{
		"type":"desk",
		"panelId":"syberPort",
		"version":"1.00.000",	
		"inline":"false",
		"data-defer":"parts/syberPort.html",
		"data-footer":"global-footer",
		"data-header":"global-header",
		"data-nav":"main_nav",
		"data-aside":"theaside",
		"selected":"false",
		"modal":"false",
		"data-tab":"",
		"data-load":"",
		"data-unload":""
	},
	{
		"type":"desk",
		"panelId":"diliweibo",
		"version":"1.00.000",	
		"inline":"false",
		"data-defer":"parts/diliweibo.html",
		"data-footer":"",
		"data-header":"",
		"data-nav":"main_nav",
		"data-aside":"#parts/diliweiboAside.html",
		"selected":"false",
		"modal":"false",
		"data-tab":"",
		"data-load":"",
		"data-unload":""
	},
	{
		"type":"win",
		"panelId":"diliweibo_portal",
		"version":"1.00.000",	
		"inline":"false",
		"data-defer":"parts/diliweibo_portal.html",
		"data-footer":"none",
		"data-header":"",
		"data-nav":"main_nav",
		"data-aside":"theaside",
		"selected":"false",
		"modal":"false",
		"data-tab":"",
		"data-load":"",
		"data-unload":""
	},
	{
		"type":"desk",
		"panelId":"publicPlatform",
		"version":"1.00.000",	
		"inline":"false",
		"data-defer":"parts/publicPlatform.html",
		"data-footer":"",
		"data-header":"",
		"data-nav":"main_nav",
		"data-aside":"#parts/publicPlatformAside.html",
		"selected":"false",
		"modal":"false",
		"data-tab":"",
		"data-load":"",
		"data-unload":""
	},
	{
		"type":"win",
		"panelId":"publicPlatformPortal",
		"version":"1.00.000",	
		"inline":"false",
		"data-defer":"parts/publicPlatformPortal.html",
		"data-footer":"",
		"data-header":"",
		"data-nav":"main_nav",
		"data-aside":"",
		"selected":"false",
		"modal":"false",
		"data-tab":"",
		"data-load":"",
		"data-unload":""
	},
	{
		"type":"desk",
		"panelId":"dongke",
		"version":"1.00.000",	
		"inline":"false",
		"data-defer":"parts/dongke.html",
		"data-footer":"",
		"data-header":"",
		"data-nav":"main_nav",
		"data-aside":"theaside",
		"selected":"false",
		"modal":"false",
		"data-tab":"",
		"data-load":"",
		"data-unload":""
	},
	{
		"type":"desk",
		"panelId":"callcenter",
		"version":"1.00.000",	
		"inline":"true",
		"data-defer":"parts/callcenter.html",
		"data-footer":"none",
		"data-header":"",
		"data-nav":"main_nav",
		"data-aside":"#parts/callcenterAside.html",
		"selected":"false",
		"modal":"false",
		"data-tab":"",
		"data-load":"",
		"data-unload":""
	},
	{
		"type":"desk",
		"panelId":"didian",
		"version":"1.00.000",	
		"inline":"false",
		"data-defer":"parts/didian.html",
		"data-footer":"",
		"data-header":"",
		"data-nav":"main_nav",
		"data-aside":"theaside",
		"selected":"false",
		"modal":"false",
		"data-tab":"",
		"data-load":"",
		"data-unload":""
	},
	{
		"type":"desk",
		"panelId":"dache",
		"version":"1.00.000",	
		"inline":"false",
		"data-defer":"parts/dache.html",
		"data-footer":"",
		"data-header":"",
		"data-nav":"main_nav",
		"data-aside":"theaside",
		"selected":"false",
		"modal":"false",
		"data-tab":"",
		"data-load":"",
		"data-unload":""
	},
	{
		"type":"desk",
		"panelId":"wifi",
		"version":"1.00.000",	
		"inline":"false",
		"data-defer":"parts/wifi.html",
		"data-footer":"",
		"data-header":"",
		"data-nav":"main_nav",
		"data-aside":"theaside",
		"selected":"false",
		"modal":"false",
		"data-tab":"",
		"data-load":"",
		"data-unload":""
	},{
		"type":"desk",
		"panelId":"maike",
		"version":"1.00.000",	
		"inline":"false",
		"data-defer":"parts/maike.html",
		"data-footer":"",
		"data-header":"",
		"data-nav":"main_nav",
		"data-aside":"theaside",
		"selected":"false",
		"modal":"false",
		"data-tab":"",
		"data-load":"",
		"data-unload":""
	},
	{
		"type":"desk",
		"panelId":"myhome",
		"version":"1.00.000",	
		"inline":"false",
		"data-defer":"parts/myhome.html",
		"data-footer":"",
		"data-header":"",
		"data-nav":"main_nav",
		"data-aside":"theaside",
		"selected":"false",
		"modal":"false",
		"data-tab":"",
		"data-load":"",
		"data-unload":""
	},
	{
		"type":"desk",
		"panelId":"square",
		"version":"1.00.000",	
		"inline":"false",
		"data-defer":"parts/square.html",
		"data-footer":"none",
		"data-header":"none",
		"data-nav":"main_nav",
		"data-aside":"#parts/squareAside.html",
		"selected":"false",
		"modal":"false",
		"data-tab":"",
		"data-load":"",
		"data-unload":""
	},
	{
		"type":"win",
		"panelId":"yingketing",
		"version":"1.00.000",	
		"inline":"true",
		"data-defer":"parts/yingketing.html",
		"data-footer":"",
		"data-header":"",
		"data-nav":"main_nav",
		"data-aside":"theaside",
		"selected":"false",
		"modal":"false",
		"data-tab":"",
		"data-load":"",
		"data-unload":""
	},
	{
		"type":"win",
		"panelId":"device",
		"version":"1.00.000",	
		"inline":"false",
		"data-defer":"parts/device.html",
		"data-footer":"",
		"data-header":"",
		"data-nav":"main_nav",
		"data-aside":"theaside",
		"selected":"false",
		"modal":"false",
		"data-tab":"",
		"data-load":"",
		"data-unload":""
	},
	{
		"type":"win",
		"panelId":"profile",
		"version":"1.00.000",	
		"inline":"false",
		"data-defer":"parts/profile.html",
		"data-footer":"",
		"data-header":"",
		"data-nav":"main_nav",
		"data-aside":"theaside",
		"selected":"false",
		"modal":"false",
		"data-tab":"",
		"data-load":"",
		"data-unload":""
	},
	{
		"type":"win",
		"panelId":"chat",
		"version":"1.00.000",	
		"inline":"false",
		"data-defer":"parts/chat.html",
		"data-footer":"",
		"data-header":"",
		"data-nav":"main_nav",
		"data-aside":"theaside",
		"selected":"false",
		"modal":"false",
		"data-tab":"",
		"data-load":"",
		"data-unload":""
	}
]