<?xml version='1.0' encoding='UTF-8'?>
<widget xmlns="http://www.w3.org/ns/widgets" xmlns:intelxdk="http://xdk.intel.com/ns/v1" id="cj.lns.device" version="0.0.1"><!--This file is generated by the Intel XDK. Do not edit this file as your edits will be lost.           --><!--To change the contents of this file, see the documentation on the intelxdk.config.additions.xml file.--><intelxdk:version value="1.0"/><intelxdk:cordova-cli version="3.3"/><name>lns</name><author>c.j</author><content src="index.html"/><access origin="*"/><intelxdk:plugin intelxdk:name="Device" intelxdk:value="org.apache.cordova.device" intelxdk:version="0.2.5"/><intelxdk:plugin intelxdk:name="SplashScreen" intelxdk:value="org.apache.cordova.splashscreen" intelxdk:version="0.2.5"/><intelxdk:plugin intelxdk:name="Accelerometer" intelxdk:value="org.apache.cordova.device-motion" intelxdk:version="0.2.4"/><intelxdk:plugin intelxdk:name="Camera" intelxdk:value="org.apache.cordova.camera" intelxdk:version="0.2.9"/><intelxdk:plugin intelxdk:name="Capture" intelxdk:value="org.apache.cordova.media-capture" intelxdk:version="0.2.8"/><intelxdk:plugin intelxdk:name="Compass" intelxdk:value="org.apache.cordova.device-orientation" intelxdk:version="0.3.6"/><intelxdk:plugin intelxdk:name="Connection" intelxdk:value="org.apache.cordova.network-information" intelxdk:version="0.2.8"/><intelxdk:plugin intelxdk:name="Contacts" intelxdk:value="org.apache.cordova.contacts" intelxdk:version="0.2.8"/><intelxdk:plugin intelxdk:name="Events (battery status)" intelxdk:value="org.apache.cordova.battery-status" intelxdk:version="0.2.5"/><intelxdk:plugin intelxdk:name="File" intelxdk:value="org.apache.cordova.file" intelxdk:version="0.2.5"/><intelxdk:plugin intelxdk:name="Geolocation" intelxdk:value="org.apache.cordova.geolocation" intelxdk:version="0.3.5"/><intelxdk:plugin intelxdk:name="Globalization" intelxdk:value="org.apache.cordova.globalization" intelxdk:version="0.2.7"/><intelxdk:plugin intelxdk:name="In App Browser" intelxdk:value="org.apache.cordova.inappbrowser" intelxdk:version="0.3.0"/><intelxdk:plugin intelxdk:name="Media" intelxdk:value="org.apache.cordova.media" intelxdk:version="0.2.8"/><intelxdk:plugin intelxdk:name="Dialogs (notification)" intelxdk:value="org.apache.cordova.dialogs" intelxdk:version="0.2.5"/><intelxdk:plugin intelxdk:name="Vibration (notification)" intelxdk:value="org.apache.cordova.vibration" intelxdk:version="0.3.5"/><preference name="ios-target" value="5"/><preference name="ios-configuration" value="adhoc"/><!--creationInfo:{"src":"","projectTypeName":"com.intel.xdk.projecttype.jsapp"}--></widget>